pref_code,city_name,admin_rank_zh,admin_rank,note
110000,北京,直辖市,4,admin_rank 为序数：4 直辖市，3 副省级城市，2 其他省会城市；未列出的地级市为 1，县级市与县为 0（03 自动补齐）。副省级城市 15 个、省会 27 个（2020 年）。
120000,天津,直辖市,4,
310000,上海,直辖市,4,
500000,重庆,直辖市,4,
210100,沈阳,副省级城市（省会）,3,
210200,大连,副省级城市（计划单列市）,3,
220100,长春,副省级城市（省会）,3,
230100,哈尔滨,副省级城市（省会）,3,
320100,南京,副省级城市（省会）,3,
330100,杭州,副省级城市（省会）,3,
330200,宁波,副省级城市（计划单列市）,3,
350200,厦门,副省级城市（计划单列市）,3,
370100,济南,副省级城市（省会）,3,
370200,青岛,副省级城市（计划单列市）,3,
420100,武汉,副省级城市（省会）,3,
440100,广州,副省级城市（省会）,3,
440300,深圳,副省级城市（计划单列市）,3,
510100,成都,副省级城市（省会）,3,
610100,西安,副省级城市（省会）,3,
130100,石家庄,省会城市,2,
140100,太原,省会城市,2,
150100,呼和浩特,省会城市,2,
340100,合肥,省会城市,2,
350100,福州,省会城市,2,
360100,南昌,省会城市,2,
410100,郑州,省会城市,2,
430100,长沙,省会城市,2,
450100,南宁,省会城市,2,
460100,海口,省会城市,2,
520100,贵阳,省会城市,2,
530100,昆明,省会城市,2,
540100,拉萨,省会城市,2,
620100,兰州,省会城市,2,
630100,西宁,省会城市,2,
640100,银川,省会城市,2,
650100,乌鲁木齐,省会城市,2,
