pref_code,city_name,class_zh,source,note
310000,上海,超大城市,第七次全国人口普查城区常住人口（国家统计局2021年发布；中国日报网2021-09-23报道）,城区常住人口≥1000万
110000,北京,超大城市,同上,
440300,深圳,超大城市,同上,
500000,重庆,超大城市,同上,本研究的重庆市辖区单元仅含主城九区，见 config.yaml city_proper_custom
440100,广州,超大城市,同上,
510100,成都,超大城市,同上,
120000,天津,超大城市,同上,
420100,武汉,特大城市,同上,住建部《2022年城市建设统计年鉴》城区人口口径下已超过1000万，稳健性检验可改为超大城市
441900,东莞,特大城市,同上,同上（不设区地级市）
610100,西安,特大城市,同上,
330100,杭州,特大城市,同上,住建部《2022年城市建设统计年鉴》城区人口口径下已超过1000万，稳健性检验可改为超大城市
440600,佛山,特大城市,同上,
320100,南京,特大城市,同上,
210100,沈阳,特大城市,同上,
370200,青岛,特大城市,同上,
370100,济南,特大城市,同上,
430100,长沙,特大城市,同上,
230100,哈尔滨,特大城市,同上,
410100,郑州,特大城市,同上,
530100,昆明,特大城市,同上,
210200,大连,特大城市,同上,
